<?xml version="1.0" encoding="UTF-8"?>
<plugin_manifest xmlns="http://www.elgg.org/plugin_manifest/1.8">
	<name>Vrawa Theme for PiGo</name>
	
	<author>
	SW Social Web
	</author>
	
	<version>
	092.81.5
	</version>
	
	<category>Themes</category>
	
	<description>
	
	Professional, out of the box, responsive, free theme for the elgg community.
	
	</description>
	
	<website>
	http://www.swsocialweb.com/shop
	</website>
	
	<copyright>(C) SW Social Web 2014</copyright>
	
	<license>GPL</license>
	
	<requires>
		<type>elgg_release</type>
		<version>1.8</version>
	</requires>

	<conflicts>
        <type>plugin</type>
        <name>custom_index</name>
    </conflicts>
	
	<admin_interface>
		simple
	</admin_interface>
	
	
</plugin_manifest>