<?xml version="1.0" encoding="UTF-8"?>
<plugin_manifest xmlns="http://www.elgg.org/plugin_manifest/1.8">
	<name>TheWire Tools</name>
	<author>ColdTrick IT Solutions</author>
	<version>2.2</version>
	<description>Provides additional features for The Wire</description>
	<website>http://www.coldtrick.com/</website>
	<repository>https://github.com/ColdTrick/thewire_tools</repository>
	<bugtracker>https://github.com/ColdTrick/thewire_tools/issues</bugtracker>
	<copyright>(C) ColdTrick IT Solutions 2011 - 2011</copyright>
	<license>GNU General Public License version 2</license>
 	
 	<requires>
		<type>elgg_release</type>
		<version>1.8</version>
	</requires>

	<requires>
		<type>plugin</type>
		<name>thewire</name>
	</requires>
	
	<requires>
		<type>priority</type>
		<plugin>thewire</plugin>
		<priority>after</priority>
	</requires>
	
 	<category>ColdTrick</category>
 	<category>content</category>
</plugin_manifest>