<?xml version="1.0" encoding="UTF-8"?>
<plugin_manifest xmlns="http://www.elgg.org/plugin_manifest/1.8">
	<name>Friend request</name>
	<description>Let users confirm friend requests. Make friends like on Facebook or LinkedIn</description>
	<version>4.0</version>
	<id>friend_request</id>
	<author>ColdTrick IT Solutions</author>
	<website>http://www.coldtrick.com/</website>
	<repository>https://github.com/ColdTrick/friend_request</repository>
	<bugtracker>https://github.com/ColdTrick/friend_request/issues</bugtracker>
	<copyright>(C) ColdTrick IT Solutions 2011 - 2014</copyright>
	<license>GNU General Public License version 2</license>
	
	<requires>
		<type>elgg_release</type>
		<version>1.9</version>
	</requires>
	
 	<category>ColdTrick</category>
</plugin_manifest>